GROUP,PACKAGE,CLASS,INSTRUCTION_MISSED,INSTRUCTION_COVERED,BRANCH_MISSED,BRANCH_COVERED,LINE_MISSED,LINE_COVERED,COMPLEXITY_MISSED,COMPLEXITY_COVERED,METHOD_MISSED,METHOD_COVERED
BankAPP1,com.edubank.service,ForgotPasswordServiceImpl,38,0,4,0,11,0,6,0,4,0
BankAPP1,com.edubank.service,AccountServiceImpl,244,0,22,0,67,0,22,0,11,0
BankAPP1,com.edubank.service,SecurityQuestionServiceImpl,7,0,0,0,2,0,2,0,2,0
BankAPP1,com.edubank.service,TransactionServiceImpl,60,0,4,0,19,0,6,0,4,0
BankAPP1,com.edubank.service,CustomerLoginServiceImpl,193,0,16,0,45,0,12,0,4,0
BankAPP1,com.edubank.service,DebitCardServiceImpl,357,0,30,0,79,0,22,0,7,0
BankAPP1,com.edubank.service,TellerServiceImpl,34,0,4,0,10,0,4,0,2,0
BankAPP1,com.edubank.service,CustomerServiceImpl,80,0,8,0,22,0,10,0,6,0
BankAPP1,com.edubank.service,NetBankingServiceImpl,22,0,0,0,7,0,2,0,2,0
BankAPP1,com.edubank.validator,AccountValidator,3,21,0,4,1,6,1,4,1,2
BankAPP1,com.edubank.validator,DebitCardValidator,4,78,1,25,2,15,2,14,1,2
BankAPP1,com.edubank.validator,TellerValidator,3,62,0,18,1,17,1,12,1,3
BankAPP1,com.edubank.validator,CustomerLoginValidator,4,112,1,29,2,29,2,18,1,4
BankAPP1,com.edubank.validator,TransactionValidator,3,51,1,13,1,10,2,7,1,1
BankAPP1,com.edubank.validator,CustomerValidator,3,68,1,13,1,21,2,10,1,4
BankAPP1,com.edubank.dao,SecurityQuestionDAOImpl,56,0,2,0,14,0,3,0,2,0
BankAPP1,com.edubank.dao,CustomerDAOImpl,313,0,8,0,76,0,11,0,7,0
BankAPP1,com.edubank.dao,DebitCardDAOImpl,347,0,8,0,88,0,11,0,7,0
BankAPP1,com.edubank.dao,ForgotPasswordDAOImpl,104,0,4,0,23,0,5,0,3,0
BankAPP1,com.edubank.dao,TransactionDAOImpl,170,0,4,0,44,0,5,0,3,0
BankAPP1,com.edubank.dao,NetBankingDAOImpl,84,0,0,0,23,0,2,0,2,0
BankAPP1,com.edubank.dao,AccountDAOImpl,585,0,16,0,170,0,22,0,14,0
BankAPP1,com.edubank.dao,TellerDAOImpl,58,0,2,0,19,0,3,0,2,0
BankAPP1,com.edubank.dao,CustomerLoginDAOImpl,245,0,4,0,58,0,8,0,6,0
